station_complex,STATION_COMPLEX
Pelham Pkwy (5),PELHAM PKWY (5)
Pelham Pkwy (5),PELHAM PKWY (5)
Pelham Pkwy (5),PELHAM PKWY (5)
Pelham Pkwy (5),PELHAM PKWY (5)
Pelham Pkwy (5),PELHAM PKWY (5)
Pelham Pkwy (5),PELHAM PKWY (5)
Pelham Pkwy (5),PELHAM PKWY (5)
Pelham Pkwy (5),PELHAM PKWY (5)
Pelham Pkwy (5),PELHAM PKWY (5)
Pelham Pkwy (5),PELHAM PKWY (5)
s,t,a,t,i,o,n,_,c,o,m,p,l,e,x
P,e,l,h,a,m, ,P,k,w,y, ,(,5,)
Pelham Pkwy (5),PELHAM PKWY (5)
station_complex,STATION_COMPLEX
Pelham Pkwy (5),PELHAM PKWY (5)
Pelham Pkwy (5),PELHAM PKWY (5)
Pelham Pkwy (5),PELHAM PKWY (5)
Pelham Pkwy (5),PELHAM PKWY (5)
Pelham Pkwy (5),PELHAM PKWY (5)
Pelham Pkwy (5),PELHAM PKWY (5)
Pelham Pkwy (5),PELHAM PKWY (5)
Pelham Pkwy (5),PELHAM PKWY (5)
Pelham Pkwy (5),PELHAM PKWY (5)
Pelham Pkwy (5),PELHAM PKWY (5)
Pelham Pkwy (5),PELHAM PKWY (5)
Pelham Pkwy (5),PELHAM PKWY (5)
Pelham Pkwy (5),PELHAM PKWY (5)
Pelham Pkwy (5),PELHAM PKWY (5)
Pelham Pkwy (5),PELHAM PKWY (5)
Pelham Pkwy (5),PELHAM PKWY (5)
Pelham Pkwy (5),PELHAM PKWY (5)
Pelham Pkwy (5),PELHAM PKWY (5)
Pelham Pkwy (5),PELHAM PKWY (5)
Pelham Pkwy (5),PELHAM PKWY (5)
Pelham Pkwy (5),PELHAM PKWY (5)
Pelham Pkwy (5),PELHAM PKWY (5)
Pelham Pkwy (5),PELHAM PKWY (5)
Pelham Pkwy (5),PELHAM PKWY (5)
Pelham Pkwy (5),PELHAM PKWY (5)
Pelham Pkwy (5),PELHAM PKWY (5)
Pelham Pkwy (5),PELHAM PKWY (5)
Pelham Pkwy (5),PELHAM PKWY (5)
Pelham Pkwy (5),PELHAM PKWY (5)
Pelham Pkwy (5),PELHAM PKWY (5)
Pelham Pkwy (5),PELHAM PKWY (5)
Pelham Pkwy (5),PELHAM PKWY (5)
Pelham Pkwy (5),PELHAM PKWY (5)
Pelham Pkwy (5),PELHAM PKWY (5)
Pelham Pkwy (5),PELHAM PKWY (5)
Pelham Pkwy (5),PELHAM PKWY (5)
Pelham Pkwy (5),PELHAM PKWY (5)
Pelham Pkwy (5),PELHAM PKWY (5)
Pelham Pkwy (5),PELHAM PKWY (5)
Pelham Pkwy (5),PELHAM PKWY (5)
Pelham Pkwy (5),PELHAM PKWY (5)
Pelham Pkwy (5),PELHAM PKWY (5)
Pelham Pkwy (5),PELHAM PKWY (5)
Pelham Pkwy (5),PELHAM PKWY (5)
Pelham Pkwy (5),PELHAM PKWY (5)
Pelham Pkwy (5),PELHAM PKWY (5)
Pelham Pkwy (5),PELHAM PKWY (5)
Pelham Pkwy (5),PELHAM PKWY (5)
Pelham Pkwy (5),PELHAM PKWY (5)
Pelham Pkwy (5),PELHAM PKWY (5)
Pelham Pkwy (5),PELHAM PKWY (5)
Pelham Pkwy (5),PELHAM PKWY (5)
Pelham Pkwy (5),PELHAM PKWY (5)
Pelham Pkwy (5),PELHAM PKWY (5)
Pelham Pkwy (5),PELHAM PKWY (5)
Pelham Pkwy (5),PELHAM PKWY (5)
Pelham Pkwy (5),PELHAM PKWY (5)
Pelham Pkwy (5),PELHAM PKWY (5)
Pelham Pkwy (5),PELHAM PKWY (5)
Pelham Pkwy (5),PELHAM PKWY (5)
Pelham Pkwy (5),PELHAM PKWY (5)
Pelham Pkwy (5),PELHAM PKWY (5)
Pelham Pkwy (5),PELHAM PKWY (5)
Pelham Pkwy (5),PELHAM PKWY (5)
Pelham Pkwy (5),PELHAM PKWY (5)
Pelham Pkwy (5),PELHAM PKWY (5)
Pelham Pkwy (5),PELHAM PKWY (5)
Pelham Pkwy (5),PELHAM PKWY (5)
Pelham Pkwy (5),PELHAM PKWY (5)
Pelham Pkwy (5),PELHAM PKWY (5)
Pelham Pkwy (5),PELHAM PKWY (5)
Pelham Pkwy (5),PELHAM PKWY (5)
Pelham Pkwy (5),PELHAM PKWY (5)
Pelham Pkwy (5),PELHAM PKWY (5)
Pelham Pkwy (5),PELHAM PKWY (5)
Pelham Pkwy (5),PELHAM PKWY (5)
Pelham Pkwy (5),PELHAM PKWY (5)
Pelham Pkwy (5),PELHAM PKWY (5)
Pelham Pkwy (5),PELHAM PKWY (5)
Pelham Pkwy (5),PELHAM PKWY (5)
Pelham Pkwy (5),PELHAM PKWY (5)
Pelham Pkwy (5),PELHAM PKWY (5)
Pelham Pkwy (5),PELHAM PKWY (5)
Pelham Pkwy (5),PELHAM PKWY (5)
Pelham Pkwy (5),PELHAM PKWY (5)
Pelham Pkwy (5),PELHAM PKWY (5)
Pelham Pkwy (5),PELHAM PKWY (5)
Pelham Pkwy (5),PELHAM PKWY (5)
Pelham Pkwy (5),PELHAM PKWY (5)
Pelham Pkwy (5),PELHAM PKWY (5)
Pelham Pkwy (5),PELHAM PKWY (5)
Pelham Pkwy (5),PELHAM PKWY (5)
Pelham Pkwy (5),PELHAM PKWY (5)
Pelham Pkwy (5),PELHAM PKWY (5)
Pelham Pkwy (5),PELHAM PKWY (5)
P,e,l,h,a,m, ,P,k,w,y, ,(,5,)
Pelham Pkwy (5),PELHAM PKWY (5)
Pelham Pkwy (5),PELHAM PKWY (5)
Pelham Pkwy (5),PELHAM PKWY (5)
Pelham Pkwy (5),PELHAM PKWY (5)
Pelham Pkwy (5),PELHAM PKWY (5)
Pelham Pkwy (5),PELHAM PKWY (5)
Pelham Pkwy (5),PELHAM PKWY (5)
Pelham Pkwy (5),PELHAM PKWY (5)
Pelham Pkwy (5),PELHAM PKWY (5)
Pelham Pkwy (5),PELHAM PKWY (5)
Pelham Pkwy (5),PELHAM PKWY (5)
Pelham Pkwy (5),PELHAM PKWY (5)
Pelham Pkwy (5),PELHAM PKWY (5)
Pelham Pkwy (5),PELHAM PKWY (5)
Pelham Pkwy (5),PELHAM PKWY (5)
s,t,a,t,i,o,n,_,c,o,m,p,l,e,x
